Ç†,1,a
Ç¢,1,i
Ç§,3,u,wu,whu
Ç¶,1,e
Ç®,1,o
Ç©,2,ka,ca
Ç´,1,ki
Ç≠,3,ku,cu,qu
ÇØ,1,ke
Ç±,2,ko,co
Ç™,1,ga
Ç¨,1,gi
ÇÆ,1,gu
Ç∞,1,ge
Ç≤,1,go
Ç¡Ç™,1,gga
Ç¡Ç¨,1,ggi
Ç¡ÇÆ,1,ggu
Ç¡Ç∞,1,gge
Ç¡Ç≤,1,ggo
ÇÒÇ™,1,nga
ÇÒÇ¨,1,ngi
ÇÒÇÆ,1,ngu
ÇÒÇ∞,1,nge
ÇÒÇ≤,1,ngo
ÇÒÇ¡Ç™,1,ngga
ÇÒÇ¡Ç¨,1,nggi
ÇÒÇ¡ÇÆ,1,nggu
ÇÒÇ¡Ç∞,1,ngge
ÇÒÇ¡Ç≤,1,nggo
Ç¡Ç©,2,kka,cca
Ç¡Ç´,1,kki
Ç¡Ç≠,3,kku,ccu,qqu
Ç¡ÇØ,1,kke
Ç¡Ç±,2,kko,cco
ÇÒÇ©,2,nka,nca
ÇÒÇ´,1,nki
ÇÒÇ≠,3,nku,ncu,nqu
ÇÒÇØ,1,nke
ÇÒÇ±,2,nko,nco
Ç≥,1,sa
Çµ,2,si,shi
Ç∑,1,su
Çπ,1,se
Çª,1,so
Ç¡Ç≥,1,ssa
Ç¡Çµ,2,ssi,sshi
Ç¡Ç∑,1,ssu
Ç¡Çπ,1,sse
Ç¡Çª,1,sso
ÇÒÇ≥,1,nsa
ÇÒÇµ,2,nsi,nshi
ÇÒÇ∑,1,nsu
ÇÒÇπ,1,nse
ÇÒÇª,1,nso
ÇÒÇ¡Ç≥,1,nssa
ÇÒÇ¡Çµ,2,nssi,nsshi
ÇÒÇ¡Ç∑,1,nssu
ÇÒÇ¡Çπ,1,nsse
ÇÒÇ¡Çª,1,nsso
Ç¥,1,za
Ç∂,2,zi,ji
Ç∏,1,zu
Ç∫,1,ze
Çº,1,zo
Ç¡Ç¥,1,zza
Ç¡Ç∂,2,zzi,jji
Ç¡Ç∏,1,zzu
Ç¡Ç∫,1,zzi
Ç¡Çº,1,zzo
ÇÒÇ¥,1,nza
ÇÒÇ∂,2,nzi,nji
ÇÒÇ∏,1,nzu
ÇÒÇ∫,1,nze
ÇÒÇº,1,zo
ÇÒÇ¡Ç¥,1,nzza
ÇÒÇ¡Ç∂,2,nzzi,zjji
ÇÒÇ¡Ç∏,1,nzzu
ÇÒÇ¡Ç∫,1,nzze
ÇÒÇ¡Çº,1,nzzo
ÇΩ,1,ta
Çø,2,ti,chi
Ç¬,2,tu,tsu
Çƒ,1,te
Ç∆,1,to
Ç¡ÇΩ,1,tta
Ç¡Çø,2,tti,cchi
Ç¡Ç¬,2,ttu,ttsu
Ç¡Çƒ,1,tte
Ç¡Ç∆,1,tto
ÇÒÇΩ,1,nta
ÇÒÇø,2,nti,nchi
ÇÒÇ¬,2,ntu,ntsu
ÇÒÇƒ,1,nte
ÇÒÇ∆,1,nto
ÇÒÇ¡ÇΩ,1,ntta
ÇÒÇ¡Çø,2,ntti,ncchi
ÇÒÇ¡Ç¬,2,nttu,nttsu
ÇÒÇ¡Çƒ,1,ntte
ÇÒÇ¡Ç∆,1,ntto
Çæ,1,da
Ç¿,1,di
Ç√,1,du
Ç≈,1,de
Ç«,1,do
Ç¡Çæ,1,dda
Ç¡Ç¿,1,ddi
Ç¡Ç√,1,ddu
Ç¡Ç≈,1,dde
Ç¡Ç«,1,ddo
ÇÒÇæ,1,nda
ÇÒÇ¿,1,ndi
ÇÒÇ√,1,ndu
ÇÒÇ≈,1,nde
ÇÒÇ«,1,ndo
ÇÒÇ¡Çæ,1,ndda
ÇÒÇ¡Ç¿,1,nddi
ÇÒÇ¡Ç√,1,nddu
ÇÒÇ¡Ç≈,1,ndde
ÇÒÇ¡Ç«,1,nddo
Ç»,1,na
Ç…,1,ni
Ç ,1,nu
ÇÀ,1,ne
ÇÃ,1,no
ÇÕ,1,ha
Ç–,1,hi
Ç”,2,fu,hu
Ç÷,1,he
ÇŸ,1,ho
Ç¡ÇÕ,1,hha
Ç¡Ç–,1,hhi
Ç¡Ç”,2,ffu,hhu
Ç¡Ç÷,1,hhe
Ç¡ÇŸ,1,hho
ÇÒÇÕ,1,nha
ÇÒÇ–,1,nhi
ÇÒÇ”,2,nfu,nhu
ÇÒÇ÷,1,nhe
ÇÒÇŸ,1,nho
ÇÒÇ¡ÇÕ,1,nhha
ÇÒÇ¡Ç–,1,nhhi
ÇÒÇ¡Ç”,2,nffu,nhhu
ÇÒÇ¡Ç÷,1,nhhe
ÇÒÇ¡ÇŸ,1,nhho
ÇŒ,1,ba
Ç—,1,bi
Ç‘,1,bu
Ç◊,1,be
Ç⁄,1,bo
Ç¡ÇŒ,1,bba
Ç¡Ç—,1,bbi
Ç¡Ç‘,1,bbu
Ç¡Ç◊,1,bbe
Ç¡Ç⁄,1,bbo
ÇÒÇŒ,1,nba
ÇÒÇ—,1,nbi
ÇÒÇ‘,1,nbu
ÇÒÇ◊,1,nbe
ÇÒÇ⁄,1,nbo
ÇÒÇ¡ÇŒ,1,nbba
ÇÒÇ¡Ç—,1,nbbi
ÇÒÇ¡Ç‘,1,nbbu
ÇÒÇ¡Ç◊,1,nbbe
ÇÒÇ¡Ç⁄,1,nbbo
Çœ,1,pa
Ç“,1,pi
Ç’,1,pu
Çÿ,1,pe
Ç€,1,po
Ç¡Çœ,1,ppa
Ç¡Ç“,1,ppi
Ç¡Ç’,1,ppu
Ç¡Çÿ,1,ppe
Ç¡Ç€,1,ppo
ÇÒÇœ,1,npa
ÇÒÇ“,1,npi
ÇÒÇ’,1,npu
ÇÒÇÿ,1,npe
ÇÒÇ€,1,npo
ÇÒÇ¡Çœ,1,nppa
ÇÒÇ¡Ç“,1,nppi
ÇÒÇ¡Ç’,1,nppu
ÇÒÇ¡Çÿ,1,nppe
ÇÒÇ¡Ç€,1,nppo
Ç‹,1,ma
Ç›,1,mi
Çﬁ,1,mu
Çﬂ,1,me
Ç‡,1,mo
Ç¡Ç‹,1,mma
Ç¡Ç›,1,mmi
Ç¡Çﬁ,1,mmu
Ç¡Çﬂ,1,mme
Ç¡Ç‡,1,mmo
ÇÒÇ‹,1,nma
ÇÒÇ›,1,nmi
ÇÒÇﬁ,1,nmu
ÇÒÇﬂ,1,nme
ÇÒÇ‡,1,nmo
ÇÒÇ¡Ç‹,1,nmma
ÇÒÇ¡Ç›,1,nmmi
ÇÒÇ¡Çﬁ,1,nmmu
ÇÒÇ¡Çﬂ,1,nmme
ÇÒÇ¡Ç‡,1,nmmo
Ç‚,1,ya
Ç‰,1,yu
ÇÊ,1,yo
Ç¡Ç‚,1,yya
Ç¡Ç‰,1,yyu
Ç¡ÇÊ,1,yyo
ÇÁ,1,ra
ÇË,1,ri
ÇÈ,1,ru
ÇÍ,1,re
ÇÎ,1,ro
Ç¡ÇÁ,1,rra
Ç¡ÇË,1,rri
Ç¡ÇÈ,1,rru
Ç¡ÇÍ,1,rre
Ç¡ÇÎ,1,rro
ÇÒÇÁ,1,nra
ÇÒÇË,1,nri
ÇÒÇÈ,1,nru
ÇÒÇÍ,1,nre
ÇÒÇÎ,1,nro
ÇÒÇ¡ÇÁ,1,nrra
ÇÒÇ¡ÇË,1,nrri
ÇÒÇ¡ÇÈ,1,nrru
ÇÒÇ¡ÇÍ,1,nrre
ÇÒÇ¡ÇÎ,1,nrro
ÇÌ,1,wa
Ç,1,wo
ÇÒ,1,nn
Ç¡ÇÌ,1,wwa
Ç¡Ç,1,wwo
ÇÒÇ¡ÇÌ,1,nwwa
ÇÒÇ¡Ç,1,nwwo
ÇµÇ·,2,sha,sya
ÇµÇ„,2,shu,syu
ÇµÇÂ,2,sho,syo
Ç¡ÇµÇ·,2,ssha,ssya
Ç¡ÇµÇ„,2,sshu,ssyu
Ç¡ÇµÇÂ,2,ssho,ssyo
ÇÒÇµÇ·,2,nsha,nsya
ÇÒÇµÇ„,2,nshu,nsyu
ÇÒÇµÇÂ,2,nsho,nsyo
ÇÒÇ¡ÇµÇ·,2,nssha,nssya
ÇÒÇ¡ÇµÇ„,2,nsshu,nssyu
ÇÒÇ¡ÇµÇÂ,2,nssho,nssyo
Ç∂Ç·,3,ja,zya,jya
Ç∂Ç°,1,jyi
Ç∂Ç„,3,ju,zyu,jyu
Ç∂Ç•,2,je,jye
Ç∂ÇÂ,3,jo,zyo,jyo
Ç¡Ç∂Ç·,3,jja,zzya,jjya
Ç¡Ç∂Ç°,1,jjyi
Ç¡Ç∂Ç„,3,jju,zzyu,jjyu
Ç¡Ç∂Ç•,1,jjye
Ç¡Ç∂ÇÂ,3,jjo,zzyo,jjyo
ÇÒÇ∂Ç·,3,nja,nzya,njya
ÇÒÇ∂Ç°,1,njyi
ÇÒÇ∂Ç„,3,nju,nzyu,njyu
ÇÒÇ∂Ç•,1,njye
ÇÒÇ∂ÇÂ,3,njo,nzyo,njyo
ÇÒÇ¡Ç∂Ç·,3,njja,nzzya,njjya
ÇÒÇ¡Ç∂Ç°,1,njjyi
ÇÒÇ¡Ç∂Ç„,3,njju,nzzyu,njjyu
ÇÒÇ¡Ç∂Ç•,1,njjye
ÇÒÇ¡Ç∂ÇÂ,3,njjo,nzzyo,njjyo
ÇøÇ·,3,cha,tya,cya
ÇøÇ„,3,chu,tyu,cyu
ÇøÇÂ,3,cho,tyo,cyo
ÇøÇ°,1,tyi
ÇøÇ•,2,che,tye
Ç¡ÇøÇ·,3,ccha,ttya,ccya
Ç¡ÇøÇ„,3,cchu,ttyu,ccyu
Ç¡ÇøÇÂ,3,ccho,ttyo,ccyo
Ç¡ÇøÇ°,1,ttyi
Ç¡ÇøÇ•,1,ttye
ÇÒÇøÇ·,3,ncha,ntya,ncya
ÇÒÇøÇ„,3,nchu,ntyu,ncyu
ÇÒÇøÇÂ,3,ncho,ntyo,ncyo
ÇÒÇøÇ°,1,ntyi
ÇÒÇøÇ•,1,ntye
ÇÒÇ¡ÇøÇ·,3,nccha,nttya,nccya
ÇÒÇ¡ÇøÇ„,3,ncchu,nttyu,nccyu
ÇÒÇ¡ÇøÇÂ,3,nccho,nttyo,nccyo
ÇÒÇ¡ÇøÇ°,1,nttyi
ÇÒÇ¡ÇøÇ•,1,nttye
Ç¿Ç·,1,dya
Ç¿Ç„,1,dyu
Ç¿ÇÂ,1,dyo
Ç¡Ç¿Ç·,1,ddya
Ç¡Ç¿Ç„,1,ddyu
Ç¡Ç¿ÇÂ,1,ddyo
ÇÒÇ¡Ç¿Ç·,1,nddya
ÇÒÇ¡Ç¿Ç„,1,nddyu
ÇÒÇ¡Ç¿ÇÂ,1,nddyo
Ç…Ç·,1,nya
Ç…Ç„,1,nyu
Ç…ÇÂ,1,nyo
Ç“Ç·,1,pya
Ç“Ç„,1,pyu
Ç“ÇÂ,1,pyo
ÇÒÇ“Ç·,1,npya
ÇÒÇ“Ç„,1,npyu
ÇÒÇ“ÇÂ,1,npyo
Ç¡Ç“Ç·,1,ppya
Ç¡Ç“Ç„,1,ppyu
Ç¡Ç“ÇÂ,1,ppyo
ÇÒÇ¡Ç“Ç·,1,nppya
ÇÒÇ¡Ç“Ç„,1,nppyu
ÇÒÇ¡Ç“ÇÂ,1,nppyo
Ç–Ç·,1,hya
Ç–Ç„,1,hyu
Ç–ÇÂ,1,hyo
Ç¡Ç–Ç·,1,hhya
Ç¡Ç–Ç„,1,hhyu
Ç¡Ç–ÇÂ,1,hhyo
ÇÒÇ–Ç·,1,nhya
ÇÒÇ–Ç„,1,nhyu
ÇÒÇ–ÇÂ,1,nhyo
ÇÒÇ¡Ç–Ç·,1,nhhya
ÇÒÇ¡Ç–Ç„,1,nhhyu
ÇÒÇ¡Ç–ÇÂ,1,nhhyo
Ç”Çü,1,fa
Ç”Ç°,1,fi
Ç”Ç•,1,fe
Ç”Çß,1,fo
Ç¡Ç”Çü,1,ffa
Ç¡Ç”Ç°,1,ffi
Ç¡Ç”Ç•,1,ffe
Ç¡Ç”Çß,1,ffo
ÇÒÇ”Çü,1,nfa
ÇÒÇ”Ç°,1,nfi
ÇÒÇ”Ç•,1,nfe
ÇÒÇ”Çß,1,nfo
ÇÒÇ¡Ç”Çü,1,nffa
ÇÒÇ¡Ç”Ç°,1,nffi
ÇÒÇ¡Ç”Ç•,1,nffe
ÇÒÇ¡Ç”Çß,1,nffo
Ç—Ç·,1,bya
Ç—Ç„,1,byu
Ç—ÇÂ,1,byo
ÇÒÇ—Ç·,1,nbya
ÇÒÇ—Ç„,1,nbyu
ÇÒÇ—ÇÂ,1,nbyo
Ç¡Ç—Ç·,1,bbya
Ç¡Ç—Ç„,1,bbyu
Ç¡Ç—ÇÂ,1,bbyo
ÇÒÇ¡Ç—Ç·,1,nbbya
ÇÒÇ¡Ç—Ç„,1,nbbyu
ÇÒÇ¡Ç—ÇÂ,1,nbbyo
Ç›Ç·,1,mya
Ç›Ç„,1,myu
Ç›ÇÂ,1,myo
Ç¡Ç›Ç·,1,mmya
Ç¡Ç›Ç„,1,mmyu
Ç¡Ç›ÇÂ,1,mmyo
ÇÒÇ›Ç·,1,nmya
ÇÒÇ›Ç„,1,nmyu
ÇÒÇ›ÇÂ,1,nmyo
ÇÒÇ¡Ç›Ç·,1,nmmya
ÇÒÇ¡Ç›Ç„,1,nmmyu
ÇÒÇ¡Ç›ÇÂ,1,nmmyo
ÇËÇ·,1,rya
ÇËÇ„,1,ryu
ÇËÇÂ,1,ryo
Ç¡ÇËÇ·,1,rrya
Ç¡ÇËÇ„,1,rryu
Ç¡ÇËÇÂ,1,rryo
ÇÒÇËÇ·,1,nrya
ÇÒÇËÇ„,1,nryu
ÇÒÇËÇÂ,1,nryo
ÇÒÇ¡ÇËÇ·,1,nrrya
ÇÒÇ¡ÇËÇ„,1,nrryu
ÇÒÇ¡ÇËÇÂ,1,nrryo
Ç¨Ç·,1,gya
Ç¨Ç„,1,gyu
Ç¨ÇÂ,1,gyo
Ç¡Ç¨Ç·,1,ggya
Ç¡Ç¨Ç„,1,ggyu
Ç¡Ç¨ÇÂ,1,ggyo
ÇÒÇ¨Ç·,1,ngya
ÇÒÇ¨Ç„,1,ngyu
ÇÒÇ¨ÇÂ,1,ngyo
ÇÒÇ¡Ç¨Ç·,1,nggya
ÇÒÇ¡Ç¨Ç„,1,nggyu
ÇÒÇ¡Ç¨ÇÂ,1,nggyo
ÇƒÇ·,1,tha
ÇƒÇ„,1,thu
ÇƒÇÂ,1,tho
Ç¡ÇƒÇ·,1,ttha
Ç¡ÇƒÇ„,1,tthu
Ç¡ÇƒÇÂ,1,ttho
ÇÒÇƒÇ·,1,ntha
ÇÒÇƒÇ„,1,nthu
ÇÒÇƒÇÂ,1,ntho
ÇÒÇ¡ÇƒÇ·,1,nttha
ÇÒÇ¡ÇƒÇ„,1,ntthu
ÇÒÇ¡ÇƒÇÂ,1,nttho
Ç≈Ç·,1,dha
Ç≈Ç„,1,dhu
Ç≈ÇÂ,1,dho
Ç¡Ç≈Ç·,1,ddha
Ç¡Ç≈Ç„,1,ddhu
Ç¡Ç≈ÇÂ,1,ddho
ÇÒÇ≈Ç·,1,ndha
ÇÒÇ≈Ç„,1,ndhu
ÇÒÇ≈ÇÂ,1,ndho
ÇÒÇ¡Ç≈Ç·,1,nddha
ÇÒÇ¡Ç≈Ç„,1,nddhu
ÇÒÇ¡Ç≈ÇÂ,1,nddho
ÇƒÇ°,1,thi
ÇƒÇ•,1,the
ÇÒÇƒÇ°,1,nthi
ÇÒÇƒÇ•,1,nthe
Ç¡ÇƒÇ°,1,tthi
Ç¡ÇƒÇ•,1,tthe
ÇÒÇ¡ÇƒÇ°,1,ntthi
ÇÒÇ¡ÇƒÇ•,1,ntthe
Ç≈Ç°,1,dhi
Ç≈Ç•,1,dhe
Ç¡Ç≈Ç°,1,ddhi
Ç¡Ç≈Ç•,1,ddhe
ÇÒÇ≈Ç°,1,ndhi
ÇÒÇ≈Ç•,1,ndhe
ÇÒÇ¡Ç≈Ç°,1,nddhi
ÇÒÇ¡Ç≈Ç•,1,nddhe
Çü,2,xa,la
Ç°,2,xi,li
Ç£,2,xu,lu
Ç•,2,xe,le
Çß,2,xo,lo
Ç¡Çü,2,xxa,lla
Ç¡Ç°,2,xxi,lli
Ç¡Ç£,2,xxu,llu
Ç¡Ç•,2,xxe,lle
Ç¡Çß,2,xxo,llo
ÇÒÇü,2,nxa,nla
ÇÒÇ°,2,nxi,nli
ÇÒÇ£,2,nxu,nlu
ÇÒÇ•,2,nxe,nle
ÇÒÇß,2,nxo,nlo
ÇÒÇ¡Çü,2,nxxa,nlla
ÇÒÇ¡Ç°,2,nxxi,nlli
ÇÒÇ¡Ç£,2,nxxu,nllu
ÇÒÇ¡Ç•,2,nxxe,nlle
ÇÒÇ¡Çß,2,nxxo,nllo
Ç¡,2,ltu,xtu
ÇÒÇ¡,2,nltu,nxtu
Ç·,2,xya,lya
Ç„,2,xyu,lyu
ÇÂ,2,xyo,lyo
Ç¡Ç·,2,xxya,llya
Ç¡Ç„,2,xxyu,llyu
Ç¡ÇÂ,2,xxyo,llyo
ÇÒÇ·,2,nxya,nlya
ÇÒÇ„,2,nxyu,nlyu
ÇÒÇÂ,2,nxyo,nlyo
ÇÒÇ¡Ç·,2,nxxya,nllya
ÇÒÇ¡Ç„,2,nxxyu,nllyu
ÇÒÇ¡ÇÂ,2,nxxyo,nllyo
Ç≠Çü,2,qa,qwa
Ç≠Ç°,2,qi,qwi
Ç≠Ç£,1,qwu
Ç≠Ç•,2,qe,qwe
Ç≠Çß,1,qwo
Ç¡Ç≠Çü,2,qqa,qqwa
Ç¡Ç≠Ç°,2,qqi,qqwi
Ç¡Ç≠Ç£,1,qqwu
Ç¡Ç≠Ç•,2,qqe,qqwe
Ç¡Ç≠Çß,1,qqwo
ÇÒÇ≠Çü,2,nqa,nqwa
ÇÒÇ≠Ç°,2,nqi,nqwi
ÇÒÇ≠Ç£,1,nqwu
ÇÒÇ≠Ç•,2,nqe,nqwe
ÇÒÇ≠Çß,1,nqwo
ÇÒÇ¡Ç≠Çü,2,nqqa,nqqwa
ÇÒÇ¡Ç≠Ç°,2,nqqi,nqqwi
ÇÒÇ¡Ç≠Ç£,1,nqqwu
ÇÒÇ¡Ç≠Ç•,2,nqqe,nqqwe
ÇÒÇ¡Ç≠Çß,1,nqqwo
ÇÆÇü,1,gwa
ÇÆÇ°,1,gwi
ÇÆÇ£,1,gwu
ÇÆÇ•,1,gwe
ÇÆÇß,1,gwo
Ç¡ÇÆÇü,1,ggwa
Ç¡ÇÆÇ°,1,ggwi
Ç¡ÇÆÇ£,1,ggwu
Ç¡ÇÆÇ•,1,ggwe
Ç¡ÇÆÇß,1,ggwo
ÇÒÇÆÇü,1,ngwa
ÇÒÇÆÇ°,1,ngwi
ÇÒÇÆÇ£,1,ngwu
ÇÒÇÆÇ•,1,ngwe
ÇÒÇÆÇß,1,ngwo
ÇÒÇ¡ÇÆÇü,1,nggwa
ÇÒÇ¡ÇÆÇ°,1,nggwi
ÇÒÇ¡ÇÆÇ£,1,nggwu
ÇÒÇ¡ÇÆÇ•,1,nggwe
ÇÒÇ¡ÇÆÇß,1,nggwo
Ç§Ç°,1,wi
Ç§Ç•,1,we
ÇÒÇ§Ç°,1,nwi
ÇÒÇ§Ç•,1,nwe
Ç¡Ç§Ç°,1,wwi
Ç¡Ç§Ç•,1,wwe
ÇÒÇ¡Ç§Ç°,1,nwwi
ÇÒÇ¡Ç§Ç•,1,nwwe
Ç´Ç·,1,kya
Ç´Ç„,1,kyu
Ç´ÇÂ,1,kyo
Ç¡Ç´Ç·,1,kkya
Ç¡Ç´Ç„,1,kkyu
Ç¡Ç´ÇÂ,1,kkyo
ÇÒÇ´Ç·,1,nkya
ÇÒÇ´Ç„,1,nkyu
ÇÒÇ´ÇÂ,1,nkyo
ÇÒÇ¡Ç´Ç·,1,nkkya
ÇÒÇ¡Ç´Ç„,1,nkkyu
ÇÒÇ¡Ç´ÇÂ,1,nkkyo
Å[,1,-
ÅI,1,!
ÅH,1,?